year,quarter,houseID,comsumption
2024,Q4,1,39822.780000
2024,Q4,2,39751.020000
2024,Q4,3,39984.050000
2024,Q4,4,39427.880000
2024,Q4,5,39495.350000
2024,Q1,2,39658.870000
2024,Q1,3,39417.740000
2024,Q1,4,39582.310000
2024,Q1,5,39290.720000
2024,Q1,1,39267.970000
2024,Q2,4,39082.960000
2024,Q2,5,39616.050000
2024,Q2,1,39133.890000
2024,Q2,2,39883.630000
2024,Q2,3,39530.960000
2024,Q3,1,39976.270000
2024,Q3,2,39481.430000
2024,Q3,3,39586.710000
2024,Q3,4,39915.840000
2024,Q3,5,40099.410000
